field,chart,rule_no,rule_name,direction,points,values,line_or_window,description
IMR_Field_Rule1,I,1,One point beyond 3 SD,above,20,56.000,+3 SD=53.800,Rule 1 — One point beyond 3 SD: point 20 (value 56.000) is above the +3 SD line (53.800).
IMR_Field_Rule1,MR,1,One point beyond 3 SD,above,20,7.400,+3 SD=4.314,Rule 1 — One point beyond 3 SD: point 20 (value 7.400) is above the +3 SD line (4.314).
IMR_Field_Rule1,MR,1,One point beyond 3 SD,above,21,4.900,+3 SD=4.314,Rule 1 — One point beyond 3 SD: point 21 (value 4.900) is above the +3 SD line (4.314).
IMR_Field_Rule1,MR,5,Two of three points beyond 2 SD (same side),above,20-21,7.400;4.900,+2 SD=3.316; window 19-22,"Rule 5 — Two of three points beyond 2 SD: points 20, 21 (values 7.400, 4.900) are above the +2 SD line (3.316); window 19–22."
IMR_Field_Rule2,I,1,One point beyond 3 SD,above,35,54.000,+3 SD=53.749,Rule 1 — One point beyond 3 SD: point 35 (value 54.000) is above the +3 SD line (53.749).
IMR_Field_Rule2,I,2,Nine or more points on one side of the mean,above,24-36,51.400;52.100;52.000;51.200;52.300;53.500;52.900;51.800;53.400;53.300;53.100;54.000;51.900,mean=50.905,"Rule 2 — Nine or more points on one side of the mean: 13 consecutive points above the mean (50.905), points 24–36. Values: 24=51.400, 25=52.100, 26=52.000, 27=51.200, 28=52.300, 29=53.500, 30=52.900, 31=51.800, 32=53.400, 33=53.300, 34=53.100, 35=54.000, 36=51.900."
IMR_Field_Rule2,I,5,Two of three points beyond 2 SD (same side),above,"29,30,32,33,34,35",53.500;52.900;53.400;53.300;53.100;54.000,+2 SD=52.801; window 28-36,"Rule 5 — Two of three points beyond 2 SD: points 29, 30, 32, 33, 34, 35 (values 53.500, 52.900, 53.400, 53.300, 53.100, 54.000) are above the +2 SD line (52.801); window 28–36."
IMR_Field_Rule2,I,5,Two of three points beyond 2 SD (same side),below,38-39,48.900;49.000,-2 SD=49.009; window 37-40,"Rule 5 — Two of three points beyond 2 SD: points 38, 39 (values 48.900, 49.000) are below the -2 SD line (49.009); window 37–40."
IMR_Field_Rule2,I,6,Four of five points beyond 1 SD (same side),above,"25,26,28,29,30,32,33,34,35,36",52.100;52.000;52.300;53.500;52.900;53.400;53.300;53.100;54.000;51.900,+1 SD=51.853; window 25-37,"Rule 6 — Four of five points beyond 1 SD: points 25, 26, 28, 29, 30, 32, 33, 34, 35, 36 (values 52.100, 52.000, 52.300, 53.500, 52.900, 53.400, 53.300, 53.100, 54.000, 51.900) are above the +1 SD line (51.853); window 25–37."
IMR_Field_Rule3,I,3,Six or more points steadily rising or falling,rising,15-21,48.200;48.900;49.600;50.400;51.100;51.900;52.600,,"Rule 3 — Six or more points steadily rising: 7 consecutive points, 15–21. Values: 15=48.200, 16=48.900, 17=49.600, 18=50.400, 19=51.100, 20=51.900, 21=52.600."
IMR_Field_Rule4,I,4,Fourteen or more points alternating up and down,alternating,9-26,49.400;49.300;50.800;49.500;50.600;49.200;50.900;49.400;50.700;49.100;50.500;49.600;51.000;49.300;50.800;49.500;50.600;49.500,,"Rule 4 — Fourteen or more points alternating up and down: 18 consecutive points, 9–26. Values: 9=49.400, 10=49.300, 11=50.800, 12=49.500, 13=50.600, 14=49.200, 15=50.900, 16=49.400, 17=50.700, 18=49.100, 19=50.500, 20=49.600, 21=51.000, 22=49.300, 23=50.800, 24=49.500, 25=50.600, 26=49.500."
IMR_Field_Rule4,I,7,Fifteen or more points within 1 SD of the mean,within,9-26,49.400;49.300;50.800;49.500;50.600;49.200;50.900;49.400;50.700;49.100;50.500;49.600;51.000;49.300;50.800;49.500;50.600;49.500,-1 SD=49.052; +1 SD=51.048,"Rule 7 — Fifteen or more points within 1 SD of the mean: 18 consecutive points, 9–26, all between the -1 SD line (49.052) and the +1 SD line (51.048). Values: 9=49.400, 10=49.300, 11=50.800, 12=49.500, 13=50.600, 14=49.200, 15=50.900, 16=49.400, 17=50.700, 18=49.100, 19=50.500, 20=49.600, 21=51.000, 22=49.300, 23=50.800, 24=49.500, 25=50.600, 26=49.500."
IMR_Field_Rule4,MR,7,Fifteen or more points within 1 SD of the mean,within,11-32,1.500;1.300;1.100;1.400;1.700;1.500;1.300;1.600;1.400;0.900;1.400;1.700;1.500;1.300;1.100;1.100;0.800;1.100;1.200;0.600;1.100;1.600,-1 SD=0.275; +1 SD=1.976,"Rule 7 — Fifteen or more points within 1 SD of the mean: 22 consecutive points, 11–32, all between the -1 SD line (0.275) and the +1 SD line (1.976). Values: 11=1.500, 12=1.300, 13=1.100, 14=1.400, 15=1.700, 16=1.500, 17=1.300, 18=1.600, 19=1.400, 20=0.900, 21=1.400, 22=1.700, 23=1.500, 24=1.300, 25=1.100, 26=1.100, 27=0.800, 28=1.100, 29=1.200, 30=0.600, 31=1.100, 32=1.600."
IMR_Field_Rule5,I,5,Two of three points beyond 2 SD (same side),above,20-21,53.000;52.900,+2 SD=52.326; window 19-22,"Rule 5 — Two of three points beyond 2 SD: points 20, 21 (values 53.000, 52.900) are above the +2 SD line (52.326); window 19–22."
IMR_Field_Rule5,MR,1,One point beyond 3 SD,above,20,4.400,+3 SD=3.812,Rule 1 — One point beyond 3 SD: point 20 (value 4.400) is above the +3 SD line (3.812).
IMR_Field_Rule5,MR,5,Two of three points beyond 2 SD (same side),above,"20,22",4.400;3.400,+2 SD=2.930; window 20-22,"Rule 5 — Two of three points beyond 2 SD: points 20, 22 (values 4.400, 3.400) are above the +2 SD line (2.930); window 20–22."
IMR_Field_Rule6,I,6,Four of five points beyond 1 SD (same side),above,20-24,51.800;52.000;51.700;52.100;51.900,+1 SD=51.246; window 19-25,"Rule 6 — Four of five points beyond 1 SD: points 20, 21, 22, 23, 24 (values 51.800, 52.000, 51.700, 52.100, 51.900) are above the +1 SD line (51.246); window 19–25."
IMR_Field_Rule7,I,7,Fifteen or more points within 1 SD of the mean,within,12-28,50.100;49.900;50.300;50.000;49.800;50.200;50.400;49.900;50.100;50.300;49.800;50.000;50.200;49.900;50.300;50.100;49.800,-1 SD=49.438; +1 SD=50.752,"Rule 7 — Fifteen or more points within 1 SD of the mean: 17 consecutive points, 12–28, all between the -1 SD line (49.438) and the +1 SD line (50.752). Values: 12=50.100, 13=49.900, 14=50.300, 15=50.000, 16=49.800, 17=50.200, 18=50.400, 19=49.900, 20=50.100, 21=50.300, 22=49.800, 23=50.000, 24=50.200, 25=49.900, 26=50.300, 27=50.100, 28=49.800."
IMR_Field_Rule7,MR,2,Nine or more points on one side of the mean,below,13-28,0.200;0.400;0.300;0.200;0.400;0.200;0.500;0.200;0.200;0.500;0.200;0.200;0.300;0.400;0.200;0.300,mean=0.741,"Rule 2 — Nine or more points on one side of the mean: 16 consecutive points below the mean (0.741), points 13–28. Values: 13=0.200, 14=0.400, 15=0.300, 16=0.200, 17=0.400, 18=0.200, 19=0.500, 20=0.200, 21=0.200, 22=0.500, 23=0.200, 24=0.200, 25=0.300, 26=0.400, 27=0.200, 28=0.300."
IMR_Field_Rule7,MR,7,Fifteen or more points within 1 SD of the mean,within,12-31,1.200;0.200;0.400;0.300;0.200;0.400;0.200;0.500;0.200;0.200;0.500;0.200;0.200;0.300;0.400;0.200;0.300;1.200;0.600;1.100,-1 SD=0.181; +1 SD=1.301,"Rule 7 — Fifteen or more points within 1 SD of the mean: 20 consecutive points, 12–31, all between the -1 SD line (0.181) and the +1 SD line (1.301). Values: 12=1.200, 13=0.200, 14=0.400, 15=0.300, 16=0.200, 17=0.400, 18=0.200, 19=0.500, 20=0.200, 21=0.200, 22=0.500, 23=0.200, 24=0.200, 25=0.300, 26=0.400, 27=0.200, 28=0.300, 29=1.200, 30=0.600, 31=1.100."
IMR_Field_Rule8,I,5,Two of three points beyond 2 SD (same side),above,10-14,52.400;52.800;52.300;52.600;52.900,+2 SD=52.030; window 9-15,"Rule 5 — Two of three points beyond 2 SD: points 10, 11, 12, 13, 14 (values 52.400, 52.800, 52.300, 52.600, 52.900) are above the +2 SD line (52.030); window 9–15."
IMR_Field_Rule8,I,5,Two of three points beyond 2 SD (same side),below,15-19,47.600;47.300;47.800;47.200;47.500,-2 SD=48.165; window 14-20,"Rule 5 — Two of three points beyond 2 SD: points 15, 16, 17, 18, 19 (values 47.600, 47.300, 47.800, 47.200, 47.500) are below the -2 SD line (48.165); window 14–20."
IMR_Field_Rule8,I,6,Four of five points beyond 1 SD (same side),above,"7,8,10,11,12,13,14",51.300;51.200;52.400;52.800;52.300;52.600;52.900,+1 SD=51.064; window 7-15,"Rule 6 — Four of five points beyond 1 SD: points 7, 8, 10, 11, 12, 13, 14 (values 51.300, 51.200, 52.400, 52.800, 52.300, 52.600, 52.900) are above the +1 SD line (51.064); window 7–15."
IMR_Field_Rule8,I,6,Four of five points beyond 1 SD (same side),below,15-19,47.600;47.300;47.800;47.200;47.500,-1 SD=49.131; window 14-20,"Rule 6 — Four of five points beyond 1 SD: points 15, 16, 17, 18, 19 (values 47.600, 47.300, 47.800, 47.200, 47.500) are below the -1 SD line (49.131); window 14–20."
IMR_Field_Rule8,I,8,"Eight or more points beyond 1 SD, either side",either,10-19,52.400;52.800;52.300;52.600;52.900;47.600;47.300;47.800;47.200;47.500,-1 SD=49.131; +1 SD=51.064,"Rule 8 — Eight or more points beyond 1 SD on either side: 10 consecutive points, 10–19, none within 1 SD (5 above, 5 below). Values: 10=52.400, 11=52.800, 12=52.300, 13=52.600, 14=52.900, 15=47.600, 16=47.300, 17=47.800, 18=47.200, 19=47.500."
IMR_Field_Rule8,MR,1,One point beyond 3 SD,above,15,5.300,+3 SD=3.560,Rule 1 — One point beyond 3 SD: point 15 (value 5.300) is above the +3 SD line (3.560).
