IMR_Field_Rule1,IMR_Field_Rule2,IMR_Field_Rule3,IMR_Field_Rule4,IMR_Field_Rule5,IMR_Field_Rule6,IMR_Field_Rule7,IMR_Field_Rule8,IMR_Field_Clean,Notes
50.4,50.4,50.4,50.4,50.4,50.4,50.4,50.4,50.4,Start of run
49.1,49.1,49.1,49.1,49.1,49.1,49.1,49.1,49.1,
50.9,50.9,50.9,50.9,50.9,50.9,50.9,50.9,50.9,
50.8,50.8,50.8,50.8,50.8,50.8,50.8,50.8,50.8,
48.8,48.8,48.8,48.8,48.8,48.8,48.8,48.8,48.8,Operator A
49.7,49.7,49.7,49.7,49.7,49.7,49.7,49.7,49.7,
51.3,51.3,51.3,51.3,51.3,51.3,51.3,51.3,51.3,
51.2,51.2,51.2,51.2,51.2,51.2,51.2,51.2,51.2,
49.4,49.4,49.4,49.4,49.4,49.4,49.4,49.4,49.4,
50.6,50.6,50.6,49.3,50.6,50.6,50.6,52.4,50.6,"Shift change, operator B"
48.9,48.9,48.9,50.8,48.9,48.9,48.9,52.8,48.9,
50.3,50.3,50.3,49.5,50.3,50.3,50.1,52.3,50.3,
51.6,51.6,51.6,50.6,51.6,51.6,49.9,52.6,51.6,
51.5,51.5,51.5,49.2,51.5,51.5,50.3,52.9,51.5,
50.5,50.5,48.2,50.9,50.5,50.5,50,47.6,50.5,
49.2,49.2,48.9,49.4,49.2,49.2,49.8,47.3,49.2,
50.8,50.8,49.6,50.7,50.8,50.8,50.2,47.8,50.8,
50.7,50.7,50.4,49.1,50.7,50.7,50.4,47.2,50.7,
48.6,48.6,51.1,50.5,48.6,48.6,49.9,47.5,48.6,
56,50.7,51.9,49.6,53,51.8,50.1,50.7,50.7,Line check
51.1,51.1,52.6,51,52.9,52,50.3,51.1,51.1,
49.5,49.5,49.5,49.3,49.5,51.7,49.8,49.5,49.5,
50,50,50,50.8,50,52.1,50,50,50,
51.4,51.4,51.4,49.5,51.4,51.9,50.2,51.4,51.4,
49.6,52.1,49.6,50.6,49.6,49.6,49.9,49.6,49.6,Material lot 7
49.5,52,49.5,49.5,49.5,49.5,50.3,49.5,49.5,
48.7,51.2,48.7,48.7,48.7,48.7,50.1,48.7,48.7,
49.8,52.3,49.8,49.8,49.8,49.8,49.8,49.8,49.8,
51,53.5,51,51,51,51,51,51,51,
50.4,52.9,50.4,50.4,50.4,50.4,50.4,50.4,50.4,"Calibrated gauge, re-zeroed"
49.3,51.8,49.3,49.3,49.3,49.3,49.3,49.3,49.3,
50.9,53.4,50.9,50.9,50.9,50.9,50.9,50.9,50.9,
50.8,53.3,50.8,50.8,50.8,50.8,50.8,50.8,50.8,Coffee break
50.6,53.1,50.6,50.6,50.6,50.6,50.6,50.6,50.6,
51.5,54,51.5,51.5,51.5,51.5,51.5,51.5,51.5,
49.4,51.9,49.4,49.4,49.4,49.4,49.4,49.4,49.4,Operator A back
50.1,50.1,50.1,50.1,50.1,50.1,50.1,50.1,50.1,
48.9,48.9,48.9,48.9,48.9,48.9,48.9,48.9,48.9,
49,49,49,49,49,49,49,49,49,
49.7,49.7,49.7,49.7,49.7,49.7,49.7,49.7,49.7,End of run
